StreamID,PCP,SimMax_CBS,SimMax_SP,AnaWCRT_CBS,AnaWCRT_SP
0,2,585294.057,574.0570000000298,inf,1320.0
1,2,585494.057,574.0570000000298,inf,1320.0
2,2,585374.057,574.0570000000298,inf,1320.0
3,1,586054.057,749974.057,inf,7200.0
4,1,585774.057,750774.057,inf,7200.0
5,0,3654.05700000003,0.0,inf,inf
6,0,3654.05700000003,0.0,inf,inf
