StreamID,PCP,SimMax_CBS,SimMax_SP,AnaWCRT_CBS,AnaWCRT_SP
0,2,1170054.057,574.0570000000298,inf,1320.0
1,2,1170294.057,574.0570000000298,inf,1320.0
2,2,1170454.057,574.0570000000298,inf,1320.0
3,1,1170974.057,1500174.057,inf,7200.0
4,1,1170534.057,1500774.057,inf,7200.0
5,0,3654.05700000003,0.0,inf,inf
6,0,3654.05700000003,0.0,inf,inf
