StreamID,PCP,SimMax_CBS,SimMax_SP,AnaWCRT_CBS,AnaWCRT_SP
0,2,4654774.057,1285034.057,2040.0,1320.0
1,2,4654951.546542621,1284974.057,2040.0,1320.0
2,2,4654494.057,1284974.057,2040.0,1320.0
3,1,854.0569998407736,0.0,1560.0,inf
4,1,854.0569998407736,0.0,1560.0,inf
5,0,1014.0569999999134,0.0,nan,inf
6,0,1014.0569999999134,0.0,nan,inf
