StreamID,PCP,SimMax_CBS,SimMax_SP,AnaWCRT_CBS,AnaWCRT_SP
0,2,2327214.057,661034.057,2040.0,1320.0
1,2,2327414.057,660974.057,2040.0,1320.0
2,2,2327394.057,660914.057,2040.0,1320.0
3,1,814.0570000000298,0.0,1560.0,inf
4,1,814.0570000000298,0.0,1560.0,inf
5,0,1014.0570000000298,0.0,nan,inf
6,0,1014.0570000000298,0.0,nan,inf
