StreamID,PCP,SimMax_CBS,SimMax_SP,AnaWCRT_CBS,AnaWCRT_SP
0,2,6094.057000000001,534.0570000000002,inf,1320.0
1,2,6214.057000000001,534.0570000000007,inf,1320.0
2,2,6214.057000000001,574.0570000000007,inf,1320.0
3,1,6294.056999999997,7974.057000000001,inf,7200.0
4,1,6774.057000000001,7414.057000000001,inf,7200.0
5,0,2134.056999999999,0.0,inf,inf
6,0,2374.0570000000007,0.0,inf,inf
